ID,Ism,Shahar,Fan,Tur,Tavsif,Tugma matni,URL,Muddat,Qo'shilgan
1,Begzod Narzullayev,Toshkent,Matematika,Offline,"<b>👨‍🏫 Ism: </b>Begzod Narzullayev
<b>📚 Fan:</b> Matematika
<b>🌐 Format:</b> Offline
<b>📍 Manzil:</b> Toshkent, Chilonzor

<b>📖 Tajriba: </b>6 yil
<b>🎯 Yo‘nalish:</b> 📊 Testlar va tayyorgarlik | 🎯 MS tayyorlov

<b>📊 Natijalar:</b> <a href=""https://t.me/natijaaaalar"">teacherbekhzod</a>
<b>🕒 Dars vaqti:</b> Moslashuvchan
<b>💰 Narx:</b> Aniqlanmagan so‘m / oy

<b>📞 Aloqa:</b> +998-91-238-14-80",,,2026-05-22 07:43:55,2026-04-22 07:43:55
2,Sardorxon Urfonxonov,Toshkent,Matematika,Online,"<b>👨‍🏫 Ism:</b> Sardorxon Urfonxonov
<b>📚 Fan:</b> Matematika
<b>🌐 Format:</b> Online

 
<b>🎯 Yo‘nalish: </b>
1️⃣ VARIANT TAHLIL (1 oylik kurs)
2️⃣ Algebra 0 dan guruh
3️⃣ Chiziqli tengsizliklar guruh
4️⃣ Geometriya (aylanalar)"" dan guruh
5️⃣Majburiy Matematika (0 dan)

<b>📆Dars boshlanish kuni:</b> 05.05.26 
<b>💰 Narx: </b> <i>490 000 so‘m</i> / oy

<b>📞 Aloqa:</b> <a href=""https://t.me/matematika_kursi_online"">ADMIN</a>",,,2026-05-23 07:47:46,2026-04-23 07:47:46
3,Ustoz ai,Online,Matematika,Online,"<b>👨‍🏫 Ustoz:</b> <i>Abdulaziz Neʼmatullayev</i>
<b>📚 Fan:</b> Matematika
<b>🌐 Format:</b> online Youtube
<b>📍 Kanal:</b> <a href=""https://youtube.com/@ustozai?si=dMNNaByIcYaLuxl0"">UstozAi</a>

<b>📖 Tajriba:</b> 6 yil
<b>🎯 Yo‘nalish:</b> Majburiy Matematika

<b>🕒 Dars davomiyligi:</b> 12 soat 
<b>💰 Narx:</b>   <i>BEPUL</i> ✅

<b>🎥 Video: </b><a href=""https://youtu.be/O5jGdkezXcQ?si=iGBUhIuYQng2MhxJ"">Majburiy Matematika 12 soatda</a>",,,2026-05-23 08:13:28,2026-04-23 08:13:28
4,Rustam Qoriyev,Online,Ingliz tili,Online,"<b>👨‍🏫 Ism:</b> Rustam Qoriyev
<b>📚 Fan:</b> Ingliz tili 
<b>🌐 Format:</b> Online

<b>🎯 Yo‘nalish:</b> Ingliz tilini 0 dan oʼrganish

<b>🕒 Dars davomiyligi:</b> 180 ta video
<b>💰 Narx:</b>  <i>BEPUL</i>

<a href=""https://youtu.be/d-fvgkbTED0?si=hoVJCrnw2s3WVm-6"">📞  DARSNI KOʼRISH</a>",,,2026-05-23 18:21:10,2026-04-23 18:21:10
