ID,Nomi,Tur,Tavsif,Tugma matni,URL,Qo'shilgan
1,Tatu,Davlat,"<b>🎓 Toshkent Axborot Texnologiyalari Universiteti</b>

<b>🏛 Turi:</b> Davlat
💻 <b>Fakultetlar:</b> Amaliy matematika, Axborot tizimlari va texnologiyalari, <a href=""https://tuit.uz/fakultetlar""><i>Batafsil</i></a> 

<b>🌐 Website:</b> <a href=""https://www.google.com/url?sa=t&source=web&rct=j&opi=89978449&url=https://www.tuit.uz/&ved=2ahUKEwiEmpTVgq-UAxXR9LsIHZXyAp8QFnoECCEQAQ&usg=AOvVaw18K0tIjjTSeKiaIYHjq-pf""><i>www.tuit.uz</i></a>

<b>📖 Tavsif:</b>
<i>O‘zbekistondagi eng kuchli IT universitetlardan biri.</i>",,,2026-05-10 15:24:55
